
INSERT INTO m_application_statuses (id,code,value) VALUES (1,'OPEN','Open'),(2,'CANCELLED','Cancelled'),(3,'REGISTERED','Registered'),(4,'SUBMITTED','Submitted'),(5,'APPROVE','Approve'),(6,'REJECT','Reject'),(7,'REWORK','Rework'),(8,'REPROCESS','Reprocess');

INSERT INTO m_appointment_statuses (id,code,value) VALUES (1,'OPEN','Open'),(2,'INPROGRESS','Inprogress'),(3,'COMPLETED','Completed'),(4,'CANCELLED','Cancelled'),(5,'PROCESSED','Processed'),(6,'NOSHOW','No Show'),(7,'REWORK','Rework'),(8,'RESCHEDULE','Reschedule');

INSERT INTO m_appointment_types (id,code,value) VALUES (1,'N','Normal'),(2,'L','Lounge');

INSERT INTO m_audit_hold_reasons (id,code,value) VALUES (1,'DATA','Data Issue'),(2,'DOC','Document Issue'),(3,'PAY','Payment Issue');

INSERT INTO m_audit_statuses (id,code,value) VALUES (1,'S','Started'),(2,'C','Completed'),(3,'H','Hold'),(4,'O','Open');

INSERT INTO m_audit_types (id,code,value) VALUES (1,'COMP','Compulsory'),(2,'RAND','Random');

INSERT INTO m_biometric_scan_types (id,code,value) VALUES (1,'FPS','Finger Print Scan'),(2,'FCS','Facial Scan');

INSERT INTO m_biometric_statuses (id,code,value) VALUES (1,'SUCCESS','Success'),(2,'FAILED','Failed'),(3,'OTHERS','Others');

INSERT INTO m_counter_types 
(id,code,value,status) VALUES 
(1,'RCPTN','Reception',1),
(2,'PYMNT','Payment',1),
(3,'TYPNG','Typing',1),
(4,'BMTRC','Biometric',1),
(5,'FINANCE','Finance',1),
(6,'DELIVERY','Delivery',1);

INSERT INTO m_regions (id,code,value,status) VALUES (1,'ASIA','Asia',1),(2,'ME','Middle East',1),(3,'NA','North America',1),(4,'SA','South America',1);

INSERT INTO m_countries (id,code,value,region_id,status) VALUES (1,'AR','Argentina',1,1),(2,'AT','Austria',1,1),(102,'IN','India',1,1);

INSERT INTO m_delivery_statuses (id,code,value) VALUES (1,'RD','Ready for Delivery'),(2,'DD','Delivery Done');

INSERT INTO m_delivery_types (id,code,value) VALUES (1,'CD','Courier Delivery'),(2,'ID','Inhand Delivery');

INSERT INTO m_document_types (id,code,value,status) VALUES (1,'PASSPORT','Passport',1),(2,'DOB','DOB',1);

INSERT INTO m_fee_types 
(id,code,value,status) VALUES 
(1,'VF','Visa Fee',1),
(2,'EF','Enjaz Fee',1),
(3,'SF','Service Fee',1),
(4,'IF','Insurance Fee',1),
(5,'II','Insurance IT Fee',1),
(6,'MF','Medical Fee',1),
(7,'LF','Lounge Fee',1),
(8,'SM','SMS Fee',1),
(9,'CF','Courier Fee',1);

INSERT INTO m_genders (id,code,value) VALUES (1,'F','Female'),(2,'M','Male');

INSERT INTO m_marital_statuses (id,code,value) VALUES (1,'M','Married'),(2,'U','Unmarried');

INSERT INTO m_mode_of_entries (id,code,value,status) VALUES (1,'BA','By Air',1),(2,'BR','By Road',1),(3,'BS','By Sea',1);

INSERT INTO m_nationalities (id,code,value,status) VALUES (1,'AD','Andorra',1),(2,'AE','United Arab Emirates',1),(102,'IN','India',1);

INSERT INTO m_passport_types (id,code,value,status) VALUES (1,'DPT','Diplomatic',1),(2,'EMG','Emergency',1),(3,'OFF','Official',1),(4,'REG','Regular',1),(5,'SRC','Service/Temporary',1),(6,'SPL','Speical',1);

INSERT INTO m_passport_type_configs (id,nationality_id,pp_type_id) VALUES (1,2,1),(2,102,1),(3,2,2),(4,102,3),(5,2,4),(6,102,4),(7,2,5),(8,2,6);

INSERT INTO m_payment_modes (id,code,value,status) VALUES (1,'CSH','Cash',1),(2,'SAD','Sadad',1),(3,'CC','Credit Card',1),(4,'DC','Debit Card',1),(5,'EWT','e-wallet',1);

INSERT INTO m_payment_statuses (id,code,value) VALUES (1,'FAILED','Failed'),(2,'SUCCESS','Success'),(3,'RETRY','Retry'),(4,'INSUFF','Insufficient Funds'),(5,'DECLINED','Declined'),(6,'NOTDONE','Not Done');

INSERT INTO m_port_of_entries (id,code,value,status) VALUES (1,'AMN','Al-Madinah',1),(2,'DM','Dammam',1),(3,'DH','Dhahran',1),(4,'JD','Jeddah',1),(5,'RY','Riyadh',1);

INSERT INTO m_process_bo_stages (id,code,value) VALUES (1,'SPK','Spoke'),(2,'HUB','Hub'),(3,'MSN','Mission');

INSERT INTO m_process_bo_statuses (id,code,value) VALUES (1,'FSI','Inscan to spoke from front office'),(2,'SHB','Batched at spoke to hub'),(3,'SMB','Batched at spoke to mission'),(4,'SHO','Outscan to hub from spoke'),(5,'SMO','Outscan to mission from spoke'),(6,'SHI','Inscan to hub from spoke'),(7,'HMB','Batched at hub to mission'),(8,'HMO','Outscan to mission from hub'),(9,'HMI','Inscan to mission from hub'),(10,'SMI','Inscan to mission from spoke'),(11,'MHB','Batched at mission to hub'),(12,'MSB','Batched at mission to spoke'),(13,'MSO','Outscan to spoke from mission'),(14,'MHO','Outscan to hub from mission'),(15,'MHI','Inscan to hub from mission'),(16,'HSB','Batched at hub to spoke'),(17,'HSO','Outscan to spoke from hub'),(18,'HSI','Inscan to spoke from hub'),(19,'MSI','Inscan to spoke from mission'),(20,'SFB','Batched at spoke to front office'),(21,'SFO','Outscan to front office from spoke'),(22,'FHI','Inscan to hub from front office');

INSERT INTO m_process_fo_stages (id,code,value) VALUES (1,'RPN','Reception'),(2,'TPG','Typing'),(3,'PMT','Payment'),(4,'BMT','Biometric'),(5,'RFN','Refund'),(6,'DLRY','Delivery');

INSERT INTO m_process_fo_statuses (id,code,value) VALUES (1,'OPN','Open'),(2,'INP','Inprogress'),(3,'OHD','Onhold'),(4,'CMPL','Completed'),(5,'CAN','Cancelled'),(6,'RJCT','Rejected'),(7,'EXP','Expired'),(8,'ESCL','Escalate');

INSERT INTO m_process_types (id,code,value,display_status) VALUES (1,'F','Full Process',1),(2,'B','Bio Only',1),(3,'R','Refund',0),(4,'D','Delivery',0);

INSERT INTO m_process_stage_status_mapping (id,process_type,current_stage,current_status,next_stage,next_status) VALUES (1,1,1,1,1,2),(2,1,1,2,1,4),(3,1,1,4,2,1),(4,1,2,1,2,2),(5,1,2,2,2,4),(6,1,2,4,3,1),(7,1,3,1,3,2),(8,1,3,2,3,4),(9,1,3,4,4,1),(10,1,4,1,4,2),(11,1,4,2,4,4),(12,1,2,3,2,2),(13,1,3,3,3,2),(14,1,4,3,4,2),(15,2,1,1,1,2),(16,2,1,2,1,4),(17,2,1,4,3,1),(18,2,3,1,3,2),(19,2,3,2,3,4),(20,2,3,4,4,1),(21,2,4,1,4,2),(22,2,4,2,4,4),(23,2,3,3,3,2),(24,2,4,3,4,2),(25,1,1,1,1,2),(26,1,1,2,1,4),(27,1,1,4,5,1),(28,1,5,1,5,2),(29,1,5,2,5,4),(30,1,5,3,5,2),(31,1,1,1,1,2),(32,1,1,2,1,4),(33,1,1,4,6,1),(34,1,6,1,6,2),(35,1,6,2,6,4),(36,1,6,3,6,2),(37,2,1,1,1,2),(38,2,1,2,1,4),(39,2,1,4,5,1),(40,2,5,1,5,2),(41,2,5,2,5,4),(42,2,5,3,5,2),(43,2,1,1,1,2),(44,2,1,2,1,4),(45,2,1,4,6,1),(46,2,6,1,6,2),(47,2,6,2,6,4),(48,2,6,3,6,2);

INSERT INTO m_travel_types (id,code,value) VALUES (1,'INDL','Individual'),(2,'GRP','Group/Family');

INSERT INTO m_type_of_entries 
(id,code,value,status) VALUES 
(1,'ALL','ALL',1),
(2,'ER','Exit-Return',1),
(3,'ME1','Multiple Entries',1),
(4,'ME2','Multiple Entries - 90 days',1),
(5,'ME3','Multiple Entries - 180 days',1),
(6,'ME4','Multiple - Valid for 365 days',1),
(7,'ME5','Multiple - Valid for 730 days',1),
(8,'ME6','Multiple - Valid for 1825 days',1),
(9,'MEU','Multiple Entries - 1825 days for US Nationality',1),
(10,'SE1','Single Entry',1),
(11,'SE2','Single - Valid for 30 days',1),
(12,'SE3','Single Entry - 90 days',1),
(13,'TE','Two Entries',1);

INSERT INTO m_religions (id,code,value) VALUES (1,'BUDD','Buddhism'),(2,'CHST','Christianity'),(3,'HIND','Hinduism'),(4,'ISLM','Islam'),(5,'NMUSM','Non-Muslim'),(6,'SIKH','Sikhism');

INSERT INTO m_visa_statuses (id,code,value) VALUES (1,'RD','Ready for Delivery'),(2,'RW','Re-work'),(3,'RP','Re-process');

INSERT INTO m_service_center_types 
(id,code,value,status) VALUES
(1,'MSN','Mission',1),
(2,'HUB','Hub',1),
(3,'SPK','Spoke',1),
(4,'MOB','Mobile',1),
(5,'TMP','Temporary',1);

INSERT INTO m_service_centers (id, code, city, address, country_id, parent_id, type_id, reserve_1, reserve_2, reserve_3, reserve_4, reserve_5) VALUES (1,'AE001','Abu Dhabi','Abu Dhabi',2,'4',3,'','','','',''),(2,'AE002','Dubai','Dubai',2,'6',3,'','','','',''),(3,'AE003','Sharjah','Sharjah',2,'8',3,'','','','',''),(4,'AE010','Abu Dhabi','HUB-Abu Dhabi',2,'5',2,'','','','',''),(5,'AE011','Abu Dhabi','MISSION-Abu Dhabi',2,NULL,1,'','','','',''),(6,'AE020','Dubai','HUB-Dubai',2,'7',2,'','','','',''),(7,'AE021','Dubai','MISSION-Dubai',2,NULL,1,'','','','',''),(8,'AE030','Sharjah','HUB-Sharjah',2,'9',2,'','','','',''),(9,'AE031','Sharjah','MISSION-Sharjah',2,NULL,1,'','','','',''),(10,'IN001','Hyderabad','Hyderabad',102,'15',3,'','','','',''),(11,'IN002','Pune','Pune',102,'15',3,'','','','',''),(12,'IN003','Mumbai','Mumbai',102,'15',3,'','','','',''),(13,'IN004','Delhi','Akram Towers, Gandhi Nagar road 2',102,'16',3,'','','','',''),(14,'IN005','Meerut','Meerut',102,'16',3,'','','','',''),(15,'IN011','Mumbai','HUB-Mumbai',102,'17',2,'','','','',''),(16,'IN012','Delhi','HUB-Akram Towers, Gandhi Nagar road 2',102,'18',2,'','','','',''),(17,'IN020','Mumbai','MISSION-Mumbai',102,NULL,1,'','','','',''),(18,'IN021','Delhi','MISSION-Akram Towers, Gandhi Nagar road 2',102,NULL,1,'','','','','');

INSERT INTO m_vsc_counters (id, code, sc_id, counter_type_id, counter_status, counter_no) VALUES (1,'RCP1',11,1,1,'1'),(2,'PMT1',11,2,1,'2'),(3,'TYP1',11,3,1,'3'),(4,'BMT1',11,4,1,'4'),(5,'RCP2',11,1,0,'5'),(6,'PMT2',11,2,0,'6'),(7,'TYP2',11,3,1,'7'),(8,'BMT2',11,4,1,'8');

INSERT INTO m_time_slot_configurations (id, created_on, duration, end_time, slot_no, start_time, updated_on, created_by, service_center_id) VALUES ('1', '2019-02-25 12:01:03', '15', '09:15:00', '1', '09:00:00', '2019-02-25 12:01:03', '4', '10'),('2', '2019-02-25 12:01:03', '15', '09:30:00', '2', '09:15:00', '2019-02-25 12:01:03', '4', '10'),('3', '2019-02-25 12:01:03', '15', '09:45:00', '3', '09:30:00', '2019-02-25 12:01:03', '4', '10'),('4', '2019-02-25 12:01:03', '15', '10:00:00', '4', '09:45:00', '2019-02-25 12:01:03', '4', '10'),('5', '2019-02-25 12:01:03', '15', '10:15:00', '5', '10:00:00', '2019-02-25 12:01:03', '4', '10');

--INSERT INTO m_time_slot_configurations (id, sc_id, app_type_id, slot_no, start_time, end_time, duration, max_visits, reserve_1, reserve_2, reserve_3, reserve_4, reserve_5) VALUES (1,1,1,1,'09:00:00','09:15:00',15,3,NULL,NULL,NULL,NULL,NULL),(2,1,1,2,'09:15:00','09:30:00',15,3,NULL,NULL,NULL,NULL,NULL),(3,1,1,3,'09:30:00','09:45:00',15,3,NULL,NULL,NULL,NULL,NULL),(4,1,1,4,'09:45:00','10:00:00',15,3,NULL,NULL,NULL,NULL,NULL),(5,1,1,5,'10:00:00','10:15:00',15,3,NULL,NULL,NULL,NULL,NULL),(6,1,1,6,'10:15:00','10:30:00',15,3,NULL,NULL,NULL,NULL,NULL),(7,1,1,7,'10:30:00','10:45:00',15,3,NULL,NULL,NULL,NULL,NULL),(8,1,1,8,'10:45:00','11:00:00',15,3,NULL,NULL,NULL,NULL,NULL),(9,1,1,9,'11:00:00','11:15:00',15,3,NULL,NULL,NULL,NULL,NULL),(10,1,1,10,'11:15:00','11:30:00',15,3,NULL,NULL,NULL,NULL,NULL),(11,1,1,11,'11:30:00','11:45:00',15,3,NULL,NULL,NULL,NULL,NULL),(12,1,1,12,'11:45:00','12:00:00',15,3,NULL,NULL,NULL,NULL,NULL),(13,1,1,13,'12:00:00','12:15:00',15,3,NULL,NULL,NULL,NULL,NULL),(14,1,1,14,'12:15:00','12:30:00',15,3,NULL,NULL,NULL,NULL,NULL),(15,1,1,15,'12:30:00','12:45:00',15,3,NULL,NULL,NULL,NULL,NULL),(16,1,1,16,'12:45:00','13:00:00',15,3,NULL,NULL,NULL,NULL,NULL),(17,1,1,17,'13:00:00','13:15:00',15,3,NULL,NULL,NULL,NULL,NULL),(18,1,1,18,'13:15:00','13:30:00',15,3,NULL,NULL,NULL,NULL,NULL),(19,1,1,19,'13:30:00','13:45:00',15,3,NULL,NULL,NULL,NULL,NULL),(20,1,1,20,'13:45:00','14:00:00',15,3,NULL,NULL,NULL,NULL,NULL),(21,1,1,21,'14:00:00','14:15:00',15,3,NULL,NULL,NULL,NULL,NULL),(22,1,1,22,'14:15:00','14:30:00',15,3,NULL,NULL,NULL,NULL,NULL),(23,1,1,23,'14:30:00','14:45:00',15,3,NULL,NULL,NULL,NULL,NULL),(24,1,1,24,'14:45:00','15:00:00',15,3,NULL,NULL,NULL,NULL,NULL),(25,1,1,25,'15:00:00','15:15:00',15,3,NULL,NULL,NULL,NULL,NULL),(26,1,1,26,'15:15:00','15:30:00',15,3,NULL,NULL,NULL,NULL,NULL),(27,1,1,27,'15:30:00','15:45:00',15,3,NULL,NULL,NULL,NULL,NULL),(28,1,1,28,'15:45:00','16:00:00',15,3,NULL,NULL,NULL,NULL,NULL),(29,1,1,29,'16:00:00','16:15:00',15,3,NULL,NULL,NULL,NULL,NULL),(30,1,1,30,'16:15:00','16:30:00',15,3,NULL,NULL,NULL,NULL,NULL),(31,1,1,31,'16:30:00','16:45:00',15,3,NULL,NULL,NULL,NULL,NULL),(32,1,1,32,'16:45:00','17:00:00',15,3,NULL,NULL,NULL,NULL,NULL),(33,1,1,33,'17:00:00','17:15:00',15,3,NULL,NULL,NULL,NULL,NULL),(34,1,1,34,'17:15:00','17:30:00',15,3,NULL,NULL,NULL,NULL,NULL),(35,1,1,35,'17:30:00','17:45:00',15,3,NULL,NULL,NULL,NULL,NULL),(36,1,1,36,'17:45:00','18:00:00',15,3,NULL,NULL,NULL,NULL,NULL),(37,1,2,1,'09:00:00','09:15:00',15,3,NULL,NULL,NULL,NULL,NULL),(38,1,2,2,'09:15:00','09:30:00',15,3,NULL,NULL,NULL,NULL,NULL),(39,1,2,3,'09:30:00','09:45:00',15,3,NULL,NULL,NULL,NULL,NULL),(40,1,2,4,'09:45:00','10:00:00',15,3,NULL,NULL,NULL,NULL,NULL),(41,1,2,5,'10:00:00','10:15:00',15,3,NULL,NULL,NULL,NULL,NULL),(42,1,2,6,'10:15:00','10:30:00',15,3,NULL,NULL,NULL,NULL,NULL),(43,1,2,7,'10:30:00','10:45:00',15,3,NULL,NULL,NULL,NULL,NULL),(44,1,2,8,'10:45:00','11:00:00',15,3,NULL,NULL,NULL,NULL,NULL),(45,1,2,9,'11:00:00','11:15:00',15,3,NULL,NULL,NULL,NULL,NULL),(46,1,2,10,'11:15:00','11:30:00',15,3,NULL,NULL,NULL,NULL,NULL),(47,1,2,11,'11:30:00','11:45:00',15,3,NULL,NULL,NULL,NULL,NULL),(48,1,2,12,'11:45:00','12:00:00',15,3,NULL,NULL,NULL,NULL,NULL),(49,1,2,13,'12:00:00','12:15:00',15,3,NULL,NULL,NULL,NULL,NULL),(50,1,2,14,'12:15:00','12:30:00',15,3,NULL,NULL,NULL,NULL,NULL),(51,1,2,15,'12:30:00','12:45:00',15,3,NULL,NULL,NULL,NULL,NULL),(52,1,2,16,'12:45:00','13:00:00',15,3,NULL,NULL,NULL,NULL,NULL),(53,1,2,17,'13:00:00','13:15:00',15,3,NULL,NULL,NULL,NULL,NULL),(54,1,2,18,'13:15:00','13:30:00',15,3,NULL,NULL,NULL,NULL,NULL),(55,1,2,19,'13:30:00','13:45:00',15,3,NULL,NULL,NULL,NULL,NULL),(56,1,2,20,'13:45:00','14:00:00',15,3,NULL,NULL,NULL,NULL,NULL),(57,1,2,21,'14:00:00','14:15:00',15,3,NULL,NULL,NULL,NULL,NULL),(58,1,2,22,'14:15:00','14:30:00',15,3,NULL,NULL,NULL,NULL,NULL),(59,1,2,23,'14:30:00','14:45:00',15,3,NULL,NULL,NULL,NULL,NULL),(60,1,2,24,'14:45:00','15:00:00',15,3,NULL,NULL,NULL,NULL,NULL),(61,1,2,25,'15:00:00','15:15:00',15,3,NULL,NULL,NULL,NULL,NULL),(62,1,2,26,'15:15:00','15:30:00',15,3,NULL,NULL,NULL,NULL,NULL),(63,1,2,27,'15:30:00','15:45:00',15,3,NULL,NULL,NULL,NULL,NULL),(64,1,2,28,'15:45:00','16:00:00',15,3,NULL,NULL,NULL,NULL,NULL),(65,1,2,29,'16:00:00','16:15:00',15,3,NULL,NULL,NULL,NULL,NULL),(66,1,2,30,'16:15:00','16:30:00',15,3,NULL,NULL,NULL,NULL,NULL),(67,1,2,31,'16:30:00','16:45:00',15,3,NULL,NULL,NULL,NULL,NULL),(68,1,2,32,'16:45:00','17:00:00',15,3,NULL,NULL,NULL,NULL,NULL),(69,1,2,33,'17:00:00','17:15:00',15,3,NULL,NULL,NULL,NULL,NULL),(70,1,2,34,'17:15:00','17:30:00',15,3,NULL,NULL,NULL,NULL,NULL),(71,1,2,35,'17:30:00','17:45:00',15,3,NULL,NULL,NULL,NULL,NULL),(72,1,2,36,'17:45:00','18:00:00',15,3,NULL,NULL,NULL,NULL,NULL),(73,10,1,1,'09:00:00','09:15:00',15,3,NULL,NULL,NULL,NULL,NULL),(74,10,1,2,'09:15:00','09:30:00',15,3,NULL,NULL,NULL,NULL,NULL),(75,10,1,3,'09:30:00','09:45:00',15,3,NULL,NULL,NULL,NULL,NULL),(76,10,1,4,'09:45:00','10:00:00',15,3,NULL,NULL,NULL,NULL,NULL),(77,10,1,5,'10:00:00','10:15:00',15,3,NULL,NULL,NULL,NULL,NULL),(78,10,1,6,'10:15:00','10:30:00',15,3,NULL,NULL,NULL,NULL,NULL),(79,10,1,7,'10:30:00','10:45:00',15,3,NULL,NULL,NULL,NULL,NULL),(80,10,1,8,'10:45:00','11:00:00',15,3,NULL,NULL,NULL,NULL,NULL),(81,10,1,9,'11:00:00','11:15:00',15,3,NULL,NULL,NULL,NULL,NULL),(82,10,1,10,'11:15:00','11:30:00',15,3,NULL,NULL,NULL,NULL,NULL),(83,10,1,11,'11:30:00','11:45:00',15,3,NULL,NULL,NULL,NULL,NULL),(84,10,1,12,'11:45:00','12:00:00',15,3,NULL,NULL,NULL,NULL,NULL),(85,10,1,13,'12:00:00','12:15:00',15,3,NULL,NULL,NULL,NULL,NULL),(86,10,1,14,'12:15:00','12:30:00',15,3,NULL,NULL,NULL,NULL,NULL),(87,10,1,15,'12:30:00','12:45:00',15,3,NULL,NULL,NULL,NULL,NULL),(88,10,1,16,'12:45:00','13:00:00',15,3,NULL,NULL,NULL,NULL,NULL),(89,10,1,17,'13:00:00','13:15:00',15,3,NULL,NULL,NULL,NULL,NULL),(90,10,1,18,'13:15:00','13:30:00',15,3,NULL,NULL,NULL,NULL,NULL),(91,10,1,19,'13:30:00','13:45:00',15,3,NULL,NULL,NULL,NULL,NULL),(92,10,1,20,'13:45:00','14:00:00',15,3,NULL,NULL,NULL,NULL,NULL),(93,10,1,21,'14:00:00','14:15:00',15,3,NULL,NULL,NULL,NULL,NULL),(94,10,1,22,'14:15:00','14:30:00',15,3,NULL,NULL,NULL,NULL,NULL),(95,10,1,23,'14:30:00','14:45:00',15,3,NULL,NULL,NULL,NULL,NULL),(96,10,1,24,'14:45:00','15:00:00',15,3,NULL,NULL,NULL,NULL,NULL),(97,10,1,25,'15:00:00','15:15:00',15,3,NULL,NULL,NULL,NULL,NULL),(98,10,1,26,'15:15:00','15:30:00',15,3,NULL,NULL,NULL,NULL,NULL),(99,10,1,27,'15:30:00','15:45:00',15,3,NULL,NULL,NULL,NULL,NULL),(100,10,1,28,'15:45:00','16:00:00',15,3,NULL,NULL,NULL,NULL,NULL),(101,10,1,29,'16:00:00','16:15:00',15,3,NULL,NULL,NULL,NULL,NULL),(102,10,1,30,'16:15:00','16:30:00',15,3,NULL,NULL,NULL,NULL,NULL),(103,10,1,31,'16:30:00','16:45:00',15,3,NULL,NULL,NULL,NULL,NULL),(104,10,1,32,'16:45:00','17:00:00',15,3,NULL,NULL,NULL,NULL,NULL),(105,10,1,33,'17:00:00','17:15:00',15,3,NULL,NULL,NULL,NULL,NULL),(106,10,1,34,'17:15:00','17:30:00',15,3,NULL,NULL,NULL,NULL,NULL),(107,10,1,35,'17:30:00','17:45:00',15,3,NULL,NULL,NULL,NULL,NULL),(108,10,1,36,'17:45:00','18:00:00',15,3,NULL,NULL,NULL,NULL,NULL),(109,10,2,1,'09:00:00','09:15:00',15,3,NULL,NULL,NULL,NULL,NULL),(110,10,2,2,'09:15:00','09:30:00',15,3,NULL,NULL,NULL,NULL,NULL),(111,10,2,3,'09:30:00','09:45:00',15,3,NULL,NULL,NULL,NULL,NULL),(112,10,2,4,'09:45:00','10:00:00',15,3,NULL,NULL,NULL,NULL,NULL),(113,10,2,5,'10:00:00','10:15:00',15,3,NULL,NULL,NULL,NULL,NULL),(114,10,2,6,'10:15:00','10:30:00',15,3,NULL,NULL,NULL,NULL,NULL),(115,10,2,7,'10:30:00','10:45:00',15,3,NULL,NULL,NULL,NULL,NULL),(116,10,2,8,'10:45:00','11:00:00',15,3,NULL,NULL,NULL,NULL,NULL),(117,10,2,9,'11:00:00','11:15:00',15,3,NULL,NULL,NULL,NULL,NULL),(118,10,2,10,'11:15:00','11:30:00',15,3,NULL,NULL,NULL,NULL,NULL),(119,10,2,11,'11:30:00','11:45:00',15,3,NULL,NULL,NULL,NULL,NULL),(120,10,2,12,'11:45:00','12:00:00',15,3,NULL,NULL,NULL,NULL,NULL),(121,10,2,13,'12:00:00','12:15:00',15,3,NULL,NULL,NULL,NULL,NULL),(122,10,2,14,'12:15:00','12:30:00',15,3,NULL,NULL,NULL,NULL,NULL),(123,10,2,15,'12:30:00','12:45:00',15,3,NULL,NULL,NULL,NULL,NULL),(124,10,2,16,'12:45:00','13:00:00',15,3,NULL,NULL,NULL,NULL,NULL),(125,10,2,17,'13:00:00','13:15:00',15,3,NULL,NULL,NULL,NULL,NULL),(126,10,2,18,'13:15:00','13:30:00',15,3,NULL,NULL,NULL,NULL,NULL),(127,10,2,19,'13:30:00','13:45:00',15,3,NULL,NULL,NULL,NULL,NULL),(128,10,2,20,'13:45:00','14:00:00',15,3,NULL,NULL,NULL,NULL,NULL),(129,10,2,21,'14:00:00','14:15:00',15,3,NULL,NULL,NULL,NULL,NULL),(130,10,2,22,'14:15:00','14:30:00',15,3,NULL,NULL,NULL,NULL,NULL),(131,10,2,23,'14:30:00','14:45:00',15,3,NULL,NULL,NULL,NULL,NULL),(132,10,2,24,'14:45:00','15:00:00',15,3,NULL,NULL,NULL,NULL,NULL),(133,10,2,25,'15:00:00','15:15:00',15,3,NULL,NULL,NULL,NULL,NULL),(134,10,2,26,'15:15:00','15:30:00',15,3,NULL,NULL,NULL,NULL,NULL),(135,10,2,27,'15:30:00','15:45:00',15,3,NULL,NULL,NULL,NULL,NULL),(136,10,2,28,'15:45:00','16:00:00',15,3,NULL,NULL,NULL,NULL,NULL),(137,10,2,29,'16:00:00','16:15:00',15,3,NULL,NULL,NULL,NULL,NULL),(138,10,2,30,'16:15:00','16:30:00',15,3,NULL,NULL,NULL,NULL,NULL),(139,10,2,31,'16:30:00','16:45:00',15,3,NULL,NULL,NULL,NULL,NULL),(140,10,2,32,'16:45:00','17:00:00',15,3,NULL,NULL,NULL,NULL,NULL),(141,10,2,33,'17:00:00','17:15:00',15,3,NULL,NULL,NULL,NULL,NULL),(142,10,2,34,'17:15:00','17:30:00',15,3,NULL,NULL,NULL,NULL,NULL),(143,10,2,35,'17:30:00','17:45:00',15,3,NULL,NULL,NULL,NULL,NULL),(144,10,2,36,'17:45:00','18:00:00',15,3,NULL,NULL,NULL,NULL,NULL),(145,11,1,1,'09:00:00','09:15:00',15,3,NULL,NULL,NULL,NULL,NULL),(146,11,1,2,'09:15:00','09:30:00',15,3,NULL,NULL,NULL,NULL,NULL),(147,11,1,3,'09:30:00','09:45:00',15,3,NULL,NULL,NULL,NULL,NULL),(148,11,1,4,'09:45:00','10:00:00',15,3,NULL,NULL,NULL,NULL,NULL),(149,11,1,5,'10:00:00','10:15:00',15,3,NULL,NULL,NULL,NULL,NULL),(150,11,1,6,'10:15:00','10:30:00',15,3,NULL,NULL,NULL,NULL,NULL),(151,11,1,7,'10:30:00','10:45:00',15,3,NULL,NULL,NULL,NULL,NULL),(152,11,1,8,'10:45:00','11:00:00',15,3,NULL,NULL,NULL,NULL,NULL),(153,11,1,9,'11:00:00','11:15:00',15,3,NULL,NULL,NULL,NULL,NULL),(154,11,1,10,'11:15:00','11:30:00',15,3,NULL,NULL,NULL,NULL,NULL),(155,11,1,11,'11:30:00','11:45:00',15,3,NULL,NULL,NULL,NULL,NULL),(156,11,1,12,'11:45:00','12:00:00',15,3,NULL,NULL,NULL,NULL,NULL),(157,11,1,13,'12:00:00','12:15:00',15,3,NULL,NULL,NULL,NULL,NULL),(158,11,1,14,'12:15:00','12:30:00',15,3,NULL,NULL,NULL,NULL,NULL),(159,11,1,15,'12:30:00','12:45:00',15,3,NULL,NULL,NULL,NULL,NULL),(160,11,1,16,'12:45:00','13:00:00',15,3,NULL,NULL,NULL,NULL,NULL),(161,11,1,17,'13:00:00','13:15:00',15,3,NULL,NULL,NULL,NULL,NULL),(162,11,1,18,'13:15:00','13:30:00',15,3,NULL,NULL,NULL,NULL,NULL),(163,11,1,19,'13:30:00','13:45:00',15,3,NULL,NULL,NULL,NULL,NULL),(164,11,1,20,'13:45:00','14:00:00',15,3,NULL,NULL,NULL,NULL,NULL),(165,11,1,21,'14:00:00','14:15:00',15,3,NULL,NULL,NULL,NULL,NULL),(166,11,1,22,'14:15:00','14:30:00',15,3,NULL,NULL,NULL,NULL,NULL),(167,11,1,23,'14:30:00','14:45:00',15,3,NULL,NULL,NULL,NULL,NULL),(168,11,1,24,'14:45:00','15:00:00',15,3,NULL,NULL,NULL,NULL,NULL),(169,11,1,25,'15:00:00','15:15:00',15,3,NULL,NULL,NULL,NULL,NULL),(170,11,1,26,'15:15:00','15:30:00',15,3,NULL,NULL,NULL,NULL,NULL),(171,11,1,27,'15:30:00','15:45:00',15,3,NULL,NULL,NULL,NULL,NULL),(172,11,1,28,'15:45:00','16:00:00',15,3,NULL,NULL,NULL,NULL,NULL),(173,11,1,29,'16:00:00','16:15:00',15,3,NULL,NULL,NULL,NULL,NULL),(174,11,1,30,'16:15:00','16:30:00',15,3,NULL,NULL,NULL,NULL,NULL),(175,11,1,31,'16:30:00','16:45:00',15,3,NULL,NULL,NULL,NULL,NULL),(176,11,1,32,'16:45:00','17:00:00',15,3,NULL,NULL,NULL,NULL,NULL),(177,11,1,33,'17:00:00','17:15:00',15,3,NULL,NULL,NULL,NULL,NULL),(178,11,1,34,'17:15:00','17:30:00',15,3,NULL,NULL,NULL,NULL,NULL),(179,11,1,35,'17:30:00','17:45:00',15,3,NULL,NULL,NULL,NULL,NULL),(180,11,1,36,'17:45:00','18:00:00',15,3,NULL,NULL,NULL,NULL,NULL),(181,11,2,1,'09:00:00','09:15:00',15,3,NULL,NULL,NULL,NULL,NULL),(182,11,2,2,'09:15:00','09:30:00',15,3,NULL,NULL,NULL,NULL,NULL),(183,11,2,3,'09:30:00','09:45:00',15,3,NULL,NULL,NULL,NULL,NULL),(184,11,2,4,'09:45:00','10:00:00',15,3,NULL,NULL,NULL,NULL,NULL),(185,11,2,5,'10:00:00','10:15:00',15,3,NULL,NULL,NULL,NULL,NULL),(186,11,2,6,'10:15:00','10:30:00',15,3,NULL,NULL,NULL,NULL,NULL),(187,11,2,7,'10:30:00','10:45:00',15,3,NULL,NULL,NULL,NULL,NULL),(188,11,2,8,'10:45:00','11:00:00',15,3,NULL,NULL,NULL,NULL,NULL),(189,11,2,9,'11:00:00','11:15:00',15,3,NULL,NULL,NULL,NULL,NULL),(190,11,2,10,'11:15:00','11:30:00',15,3,NULL,NULL,NULL,NULL,NULL),(191,11,2,11,'11:30:00','11:45:00',15,3,NULL,NULL,NULL,NULL,NULL),(192,11,2,12,'11:45:00','12:00:00',15,3,NULL,NULL,NULL,NULL,NULL),(193,11,2,13,'12:00:00','12:15:00',15,3,NULL,NULL,NULL,NULL,NULL),(194,11,2,14,'12:15:00','12:30:00',15,3,NULL,NULL,NULL,NULL,NULL),(195,11,2,15,'12:30:00','12:45:00',15,3,NULL,NULL,NULL,NULL,NULL),(196,11,2,16,'12:45:00','13:00:00',15,3,NULL,NULL,NULL,NULL,NULL),(197,11,2,17,'13:00:00','13:15:00',15,3,NULL,NULL,NULL,NULL,NULL),(198,11,2,18,'13:15:00','13:30:00',15,3,NULL,NULL,NULL,NULL,NULL),(199,11,2,19,'13:30:00','13:45:00',15,3,NULL,NULL,NULL,NULL,NULL),(200,11,2,20,'13:45:00','14:00:00',15,3,NULL,NULL,NULL,NULL,NULL),(201,11,2,21,'14:00:00','14:15:00',15,3,NULL,NULL,NULL,NULL,NULL),(202,11,2,22,'14:15:00','14:30:00',15,3,NULL,NULL,NULL,NULL,NULL),(203,11,2,23,'14:30:00','14:45:00',15,3,NULL,NULL,NULL,NULL,NULL),(204,11,2,24,'14:45:00','15:00:00',15,3,NULL,NULL,NULL,NULL,NULL),(205,11,2,25,'15:00:00','15:15:00',15,3,NULL,NULL,NULL,NULL,NULL),(206,11,2,26,'15:15:00','15:30:00',15,3,NULL,NULL,NULL,NULL,NULL),(207,11,2,27,'15:30:00','15:45:00',15,3,NULL,NULL,NULL,NULL,NULL),(208,11,2,28,'15:45:00','16:00:00',15,3,NULL,NULL,NULL,NULL,NULL),(209,11,2,29,'16:00:00','16:15:00',15,3,NULL,NULL,NULL,NULL,NULL),(210,11,2,30,'16:15:00','16:30:00',15,3,NULL,NULL,NULL,NULL,NULL),(211,11,2,31,'16:30:00','16:45:00',15,3,NULL,NULL,NULL,NULL,NULL),(212,11,2,32,'16:45:00','17:00:00',15,3,NULL,NULL,NULL,NULL,NULL),(213,11,2,33,'17:00:00','17:15:00',15,3,NULL,NULL,NULL,NULL,NULL),(214,11,2,34,'17:15:00','17:30:00',15,3,NULL,NULL,NULL,NULL,NULL),(215,11,2,35,'17:30:00','17:45:00',15,3,NULL,NULL,NULL,NULL,NULL),(216,11,2,36,'17:45:00','18:00:00',15,3,NULL,NULL,NULL,NULL,NULL),(217,10,1,37,'18:00:00','18:15:00',15,3,NULL,NULL,NULL,NULL,NULL),(218,10,1,38,'18:15:00','18:30:00',15,3,NULL,NULL,NULL,NULL,NULL),(219,10,1,39,'18:30:00','18:45:00',15,3,NULL,NULL,NULL,NULL,NULL),(220,10,1,40,'18:45:00','19:00:00',15,3,NULL,NULL,NULL,NULL,NULL),(221,10,1,41,'19:00:00','19:15:00',15,3,NULL,NULL,NULL,NULL,NULL),(222,10,1,42,'19:15:00','19:30:00',15,3,NULL,NULL,NULL,NULL,NULL),(223,10,1,43,'19:30:00','19:45:00',15,3,NULL,NULL,NULL,NULL,NULL),(224,10,1,44,'19:45:00','20:00:00',15,3,NULL,NULL,NULL,NULL,NULL),(225,10,1,45,'20:00:00','20:15:00',15,3,NULL,NULL,NULL,NULL,NULL),(226,10,1,46,'20:15:00','20:30:00',15,3,NULL,NULL,NULL,NULL,NULL),(227,10,1,47,'20:30:00','20:45:00',15,3,NULL,NULL,NULL,NULL,NULL),(228,10,1,48,'20:45:00','21:00:00',15,3,NULL,NULL,NULL,NULL,NULL),(229,10,1,49,'21:00:00','21:15:00',15,3,NULL,NULL,NULL,NULL,NULL),(230,10,1,50,'21:15:00','21:30:00',15,3,NULL,NULL,NULL,NULL,NULL),(231,10,1,51,'21:30:00','21:45:00',15,3,NULL,NULL,NULL,NULL,NULL),(232,10,1,52,'21:45:00','22:00:00',15,3,NULL,NULL,NULL,NULL,NULL),(233,10,1,53,'22:00:00','22:15:00',15,3,NULL,NULL,NULL,NULL,NULL),(234,10,1,54,'22:15:00','22:30:00',15,3,NULL,NULL,NULL,NULL,NULL),(235,10,1,55,'22:30:00','22:45:00',15,3,NULL,NULL,NULL,NULL,NULL),(236,10,1,56,'22:45:00','23:00:00',15,3,NULL,NULL,NULL,NULL,NULL),(237,10,1,57,'23:00:00','23:15:00',15,3,NULL,NULL,NULL,NULL,NULL),(238,10,1,58,'23:15:00','23:30:00',15,3,NULL,NULL,NULL,NULL,NULL),(239,10,1,59,'23:30:00','23:45:00',15,3,NULL,NULL,NULL,NULL,NULL),(240,10,2,37,'18:00:00','18:15:00',15,3,NULL,NULL,NULL,NULL,NULL),(241,10,2,38,'18:15:00','18:30:00',15,3,NULL,NULL,NULL,NULL,NULL),(242,10,2,39,'18:30:00','18:45:00',15,3,NULL,NULL,NULL,NULL,NULL),(243,10,2,40,'18:45:00','19:00:00',15,3,NULL,NULL,NULL,NULL,NULL),(244,10,2,41,'19:00:00','19:15:00',15,3,NULL,NULL,NULL,NULL,NULL),(245,10,2,42,'19:15:00','19:30:00',15,3,NULL,NULL,NULL,NULL,NULL),(246,10,2,43,'19:30:00','19:45:00',15,3,NULL,NULL,NULL,NULL,NULL),(247,10,2,44,'19:45:00','20:00:00',15,3,NULL,NULL,NULL,NULL,NULL),(248,10,2,45,'20:00:00','20:15:00',15,3,NULL,NULL,NULL,NULL,NULL),(249,10,2,46,'20:15:00','20:30:00',15,3,NULL,NULL,NULL,NULL,NULL),(250,10,2,47,'20:30:00','20:45:00',15,3,NULL,NULL,NULL,NULL,NULL),(251,10,2,48,'20:45:00','21:00:00',15,3,NULL,NULL,NULL,NULL,NULL),(252,10,2,49,'21:00:00','21:15:00',15,3,NULL,NULL,NULL,NULL,NULL),(253,10,2,50,'21:15:00','21:30:00',15,3,NULL,NULL,NULL,NULL,NULL),(254,10,2,51,'21:30:00','21:45:00',15,3,NULL,NULL,NULL,NULL,NULL),(255,10,2,52,'21:45:00','22:00:00',15,3,NULL,NULL,NULL,NULL,NULL),(256,10,2,53,'22:00:00','22:15:00',15,3,NULL,NULL,NULL,NULL,NULL),(257,10,2,54,'22:15:00','22:30:00',15,3,NULL,NULL,NULL,NULL,NULL),(258,10,2,55,'22:30:00','22:45:00',15,3,NULL,NULL,NULL,NULL,NULL),(259,10,2,56,'22:45:00','23:00:00',15,3,NULL,NULL,NULL,NULL,NULL),(260,10,2,57,'23:00:00','23:15:00',15,3,NULL,NULL,NULL,NULL,NULL),(261,10,2,58,'23:15:00','23:30:00',15,3,NULL,NULL,NULL,NULL,NULL),(262,10,2,59,'23:30:00','23:45:00',15,3,NULL,NULL,NULL,NULL,NULL),(263,10,2,60,'23:45:00','00:00:00',15,3,NULL,NULL,NULL,NULL,NULL),(264,10,2,61,'00:00:00','00:15:00',15,3,NULL,NULL,NULL,NULL,NULL),(265,10,2,62,'00:15:00','00:30:00',15,0,NULL,NULL,NULL,NULL,NULL);

INSERT INTO m_visa_types (id, code, value, process_type_id,status) VALUES 
(1,'ALL','ALL',1,1),
(2,'VT001','Adding New-born-to-Saudi-Residence-Card',1,1),
(3,'VT002','Business Visa',1,1),
(4,'VT003','Commercial Visa',1,1),
(5,'VT004','Diplomatic and Official Visa',1,1),
(6,'VT005','Employment Visa',2,1),
(7,'VT006','Escort Visa',2,1),
(8,'VT007','Extension of Exit/Re-Entry Visa',2,1),
(9,'VT008','Family Visit Visa',1,1),
(10,'VT009','Government Visit Visa',1,1),
(11,'VT010','Hajj Visa',2,1),
(12,'VT011','Personal Visit Visa',1,1),
(13,'VT012','Residence Visa',1,1),
(14,'VT013','Student Visa',1,1),
(15,'VT014','Supplemental Journalist Visa Application',1,1),
(16,'VT015','Umrah Visa',2,1),
(17,'VT016','Work Visit Visa',2,1);

INSERT INTO m_typing_statuses (id,code,value) VALUES (1,'INPROGRESS','Inprogress'),(2,'COMPLETED','Completed'),(3,'PARTCOMPLETED','Partially Completed'),(4,'FAILED','Failed');

INSERT INTO m_user_statuses (id,code,value) VALUES (1,'ACTIVE','Active'),(2,'INACTIVE','In Active');

INSERT INTO m_visa_fees (id, country_id, sc_id, visa_type_id, toe_id, fee_type_id, amount, reserve_1, reserve_2, reserve_3, reserve_4, reserve_5,status,remarks) VALUES (17,102,10,3,1,1,50.00,NULL,NULL,NULL,NULL,NULL,1,NULL),
(18,102,10,3,1,2,45.00,NULL,NULL,NULL,NULL,NULL,1,NULL),
(19,102,10,3,1,3,40.00,NULL,NULL,NULL,NULL,NULL,1,NULL),
(21,102,10,3,1,6,30.00,NULL,NULL,NULL,NULL,NULL,1,NULL),
(22,102,10,3,1,7,25.00,NULL,NULL,NULL,NULL,NULL,1,NULL),
(23,102,10,3,1,8,20.00,NULL,NULL,NULL,NULL,NULL,1,NULL),
(24,102,10,3,1,9,20.00,NULL,NULL,NULL,NULL,NULL,1,NULL),
(25,102,10,11,1,1,100.00,NULL,NULL,NULL,NULL,NULL,1,NULL),
(26,102,10,11,1,2,90.00,NULL,NULL,NULL,NULL,NULL,1,NULL),
(27,102,10,11,1,3,80.00,NULL,NULL,NULL,NULL,NULL,1,NULL),
(28,102,10,11,1,6,70.00,NULL,NULL,NULL,NULL,NULL,1,NULL),
(29,102,10,11,1,7,60.00,NULL,NULL,NULL,NULL,NULL,1,NULL),
(30,102,10,11,1,8,50.00,NULL,NULL,NULL,NULL,NULL,1,NULL),
(38,102,10,11,1,9,40.00,NULL,NULL,NULL,NULL,NULL,1,NULL),
(39,102,10,3,1,4,0.00,NULL,NULL,NULL,NULL,NULL,1,NULL),
(40,102,10,3,1,5,0.00,NULL,NULL,NULL,NULL,NULL,1,NULL),
(41,102,10,11,1,4,23.00,NULL,NULL,NULL,NULL,NULL,1,NULL),
(42,102,10,11,1,5,25.00,NULL,NULL,NULL,NULL,NULL,1,NULL),
(43,102,10,3,2,1,50.00,NULL,NULL,NULL,NULL,NULL,1,NULL),
(44,102,10,3,2,2,45.00,NULL,NULL,NULL,NULL,NULL,1,NULL),
(45,102,10,3,2,3,40.00,NULL,NULL,NULL,NULL,NULL,1,NULL),
(46,102,10,3,2,4,30.00,NULL,NULL,NULL,NULL,NULL,1,NULL),
(47,102,10,3,2,5,29.00,NULL,NULL,NULL,NULL,NULL,1,NULL),
(48,102,10,3,2,6,87.00,NULL,NULL,NULL,NULL,NULL,1,NULL),
(49,102,10,3,2,7,25.00,NULL,NULL,NULL,NULL,NULL,1,NULL),
(50,102,10,3,2,8,20.00,NULL,NULL,NULL,NULL,NULL,1,NULL),
(51,102,10,3,2,9,20.00,NULL,NULL,NULL,NULL,NULL,1,NULL),
(52,102,10,3,3,1,50.00,NULL,NULL,NULL,NULL,NULL,1,NULL),
(53,102,10,3,3,2,45.00,NULL,NULL,NULL,NULL,NULL,1,NULL),
(54,102,10,3,3,3,40.00,NULL,NULL,NULL,NULL,NULL,1,NULL),
(55,102,10,3,3,4,30.00,NULL,NULL,NULL,NULL,NULL,1,NULL),
(56,102,10,3,3,5,29.00,NULL,NULL,NULL,NULL,NULL,1,NULL),
(57,102,10,3,3,6,87.00,NULL,NULL,NULL,NULL,NULL,1,NULL),
(58,102,10,3,3,7,25.00,NULL,NULL,NULL,NULL,NULL,1,NULL),
(59,102,10,3,3,8,20.00,NULL,NULL,NULL,NULL,NULL,1,NULL),
(60,102,10,3,3,9,20.00,NULL,NULL,NULL,NULL,NULL,1,NULL),
(61,102,10,3,4,1,50.00,NULL,NULL,NULL,NULL,NULL,1,NULL),
(62,102,10,3,4,2,45.00,NULL,NULL,NULL,NULL,NULL,1,NULL),
(63,102,10,3,4,3,40.00,NULL,NULL,NULL,NULL,NULL,1,NULL),
(64,102,10,3,4,4,30.00,NULL,NULL,NULL,NULL,NULL,1,NULL),
(65,102,10,3,4,5,29.00,NULL,NULL,NULL,NULL,NULL,1,NULL),
(66,102,10,3,4,6,87.00,NULL,NULL,NULL,NULL,NULL,1,NULL),
(67,102,10,3,4,7,25.00,NULL,NULL,NULL,NULL,NULL,1,NULL),
(68,102,10,3,4,8,20.00,NULL,NULL,NULL,NULL,NULL,1,NULL),
(69,102,10,3,4,9,20.00,NULL,NULL,NULL,NULL,NULL,1,NULL),
(70,102,10,3,5,1,50.00,NULL,NULL,NULL,NULL,NULL,1,NULL),
(71,102,10,3,5,2,45.00,NULL,NULL,NULL,NULL,NULL,1,NULL),
(72,102,10,3,5,3,40.00,NULL,NULL,NULL,NULL,NULL,1,NULL),
(73,102,10,3,5,4,30.00,NULL,NULL,NULL,NULL,NULL,1,NULL),
(74,102,10,3,5,5,29.00,NULL,NULL,NULL,NULL,NULL,1,NULL),
(75,102,10,3,5,6,87.00,NULL,NULL,NULL,NULL,NULL,1,NULL),
(76,102,10,3,5,7,25.00,NULL,NULL,NULL,NULL,NULL,1,NULL),
(77,102,10,3,5,8,20.00,NULL,NULL,NULL,NULL,NULL,1,NULL),
(78,102,10,3,5,9,20.00,NULL,NULL,NULL,NULL,NULL,1,NULL),
(79,102,10,3,6,1,50.00,NULL,NULL,NULL,NULL,NULL,1,NULL),
(80,102,10,3,6,2,45.00,NULL,NULL,NULL,NULL,NULL,1,NULL),
(81,102,10,3,6,3,40.00,NULL,NULL,NULL,NULL,NULL,1,NULL),
(82,102,10,3,6,4,30.00,NULL,NULL,NULL,NULL,NULL,1,NULL),
(83,102,10,3,6,5,29.00,NULL,NULL,NULL,NULL,NULL,1,NULL),
(84,102,10,3,6,6,87.00,NULL,NULL,NULL,NULL,NULL,1,NULL),
(85,102,10,3,6,7,25.00,NULL,NULL,NULL,NULL,NULL,1,NULL),
(86,102,10,3,6,8,20.00,NULL,NULL,NULL,NULL,NULL,1,NULL),
(87,102,10,3,6,9,20.00,NULL,NULL,NULL,NULL,NULL,1,NULL),
(88,102,10,3,7,1,50.00,NULL,NULL,NULL,NULL,NULL,1,NULL),
(89,102,10,3,7,2,45.00,NULL,NULL,NULL,NULL,NULL,1,NULL),
(90,102,10,3,7,3,40.00,NULL,NULL,NULL,NULL,NULL,1,NULL),
(91,102,10,3,7,4,30.00,NULL,NULL,NULL,NULL,NULL,1,NULL),
(92,102,10,3,7,5,29.00,NULL,NULL,NULL,NULL,NULL,1,NULL),
(93,102,10,3,7,6,87.00,NULL,NULL,NULL,NULL,NULL,1,NULL),
(94,102,10,3,7,7,25.00,NULL,NULL,NULL,NULL,NULL,1,NULL),
(95,102,10,3,7,8,20.00,NULL,NULL,NULL,NULL,NULL,1,NULL),
(96,102,10,3,7,9,20.00,NULL,NULL,NULL,NULL,NULL,1,NULL),
(97,102,10,3,8,1,50.00,NULL,NULL,NULL,NULL,NULL,1,NULL),
(98,102,10,3,8,2,45.00,NULL,NULL,NULL,NULL,NULL,1,NULL),
(99,102,10,3,8,3,40.00,NULL,NULL,NULL,NULL,NULL,1,NULL),
(100,102,10,3,8,4,30.00,NULL,NULL,NULL,NULL,NULL,1,NULL),
(101,102,10,3,8,5,29.00,NULL,NULL,NULL,NULL,NULL,1,NULL),
(102,102,10,3,8,6,87.00,NULL,NULL,NULL,NULL,NULL,1,NULL),
(103,102,10,3,8,7,25.00,NULL,NULL,NULL,NULL,NULL,1,NULL),
(104,102,10,3,8,8,20.00,NULL,NULL,NULL,NULL,NULL,1,NULL),
(105,102,10,3,8,9,20.00,NULL,NULL,NULL,NULL,NULL,1,NULL),
(106,102,10,3,9,1,50.00,NULL,NULL,NULL,NULL,NULL,1,NULL),
(107,102,10,3,9,2,45.00,NULL,NULL,NULL,NULL,NULL,1,NULL),
(108,102,10,3,9,3,40.00,NULL,NULL,NULL,NULL,NULL,1,NULL),
(109,102,10,3,9,4,30.00,NULL,NULL,NULL,NULL,NULL,1,NULL),
(110,102,10,3,9,5,29.00,NULL,NULL,NULL,NULL,NULL,1,NULL),
(111,102,10,3,9,6,87.00,NULL,NULL,NULL,NULL,NULL,1,NULL),
(112,102,10,3,9,7,25.00,NULL,NULL,NULL,NULL,NULL,1,NULL),
(113,102,10,3,9,8,20.00,NULL,NULL,NULL,NULL,NULL,1,NULL),
(114,102,10,3,9,9,20.00,NULL,NULL,NULL,NULL,NULL,1,NULL),
(115,102,10,3,10,1,50.00,NULL,NULL,NULL,NULL,NULL,1,NULL),
(116,102,10,3,10,2,45.00,NULL,NULL,NULL,NULL,NULL,1,NULL),
(117,102,10,3,10,3,40.00,NULL,NULL,NULL,NULL,NULL,1,NULL),
(118,102,10,3,10,4,30.00,NULL,NULL,NULL,NULL,NULL,1,NULL),
(119,102,10,3,10,5,29.00,NULL,NULL,NULL,NULL,NULL,1,NULL),
(120,102,10,3,10,6,87.00,NULL,NULL,NULL,NULL,NULL,1,NULL),
(121,102,10,3,10,7,25.00,NULL,NULL,NULL,NULL,NULL,1,NULL),
(122,102,10,3,10,8,20.00,NULL,NULL,NULL,NULL,NULL,1,NULL),
(123,102,10,3,10,9,20.00,NULL,NULL,NULL,NULL,NULL,1,NULL),
(124,102,10,3,11,1,50.00,NULL,NULL,NULL,NULL,NULL,1,NULL),
(125,102,10,3,11,2,45.00,NULL,NULL,NULL,NULL,NULL,1,NULL),
(126,102,10,3,11,3,40.00,NULL,NULL,NULL,NULL,NULL,1,NULL),
(127,102,10,3,11,4,30.00,NULL,NULL,NULL,NULL,NULL,1,NULL),
(128,102,10,3,11,5,29.00,NULL,NULL,NULL,NULL,NULL,1,NULL),
(129,102,10,3,11,6,87.00,NULL,NULL,NULL,NULL,NULL,1,NULL),
(130,102,10,3,11,7,25.00,NULL,NULL,NULL,NULL,NULL,1,NULL),
(131,102,10,3,11,8,20.00,NULL,NULL,NULL,NULL,NULL,1,NULL),
(132,102,10,3,11,9,20.00,NULL,NULL,NULL,NULL,NULL,1,NULL),
(133,102,10,3,12,1,50.00,NULL,NULL,NULL,NULL,NULL,1,NULL),
(134,102,10,3,12,2,45.00,NULL,NULL,NULL,NULL,NULL,1,NULL),
(135,102,10,3,12,3,40.00,NULL,NULL,NULL,NULL,NULL,1,NULL),
(136,102,10,3,12,4,30.00,NULL,NULL,NULL,NULL,NULL,1,NULL),
(137,102,10,3,12,5,29.00,NULL,NULL,NULL,NULL,NULL,1,NULL),
(138,102,10,3,12,6,87.00,NULL,NULL,NULL,NULL,NULL,1,NULL),
(139,102,10,3,12,7,25.00,NULL,NULL,NULL,NULL,NULL,1,NULL),
(140,102,10,3,12,8,20.00,NULL,NULL,NULL,NULL,NULL,1,NULL),
(141,102,10,3,12,9,20.00,NULL,NULL,NULL,NULL,NULL,1,NULL),
(142,102,10,3,13,1,50.00,NULL,NULL,NULL,NULL,NULL,1,NULL),
(143,102,10,3,13,2,45.00,NULL,NULL,NULL,NULL,NULL,1,NULL),
(144,102,10,3,13,3,40.00,NULL,NULL,NULL,NULL,NULL,1,NULL),
(145,102,10,3,13,4,30.00,NULL,NULL,NULL,NULL,NULL,1,NULL),
(146,102,10,3,13,5,29.00,NULL,NULL,NULL,NULL,NULL,1,NULL),
(147,102,10,3,13,6,87.00,NULL,NULL,NULL,NULL,NULL,1,NULL),
(148,102,10,3,13,7,25.00,NULL,NULL,NULL,NULL,NULL,1,NULL),
(149,102,10,3,13,8,20.00,NULL,NULL,NULL,NULL,NULL,1,NULL),
(150,102,10,3,13,9,20.00,NULL,NULL,NULL,NULL,NULL,1,NULL);

INSERT INTO m_vsc_roles (id, role_name) VALUES (6,'Admin'),(8,'Auditor'),(1,'BackOffice'),(2,'Biometrics'),(3,'Cashier'),(7,'Delivery'),(4,'Reception'),(5,'Typing');

INSERT INTO m_vsc_users (id, user_id, password, status, email, user_name, sc_id) VALUES (1,'mukhesht','$2a$10$046osA7r6cX7vOkR0eBOw.wpiAGztzuAHyRdcxDLZM14g2dOXeT9i',1,'mukhesht','mukhesht',10),(4,'sravani','$2a$10$046osA7r6cX7vOkR0eBOw.wpiAGztzuAHyRdcxDLZM14g2dOXeT9i',1,'sravani','sravani',10),(5,'sahithya','$2a$10$046osA7r6cX7vOkR0eBOw.wpiAGztzuAHyRdcxDLZM14g2dOXeT9i',1,'sahithya','sahithya',10),(6,'srikanth','$2a$10$046osA7r6cX7vOkR0eBOw.wpiAGztzuAHyRdcxDLZM14g2dOXeT9i',1,'srikanth','srikanth',10),(7,'sakshi','$2a$10$046osA7r6cX7vOkR0eBOw.wpiAGztzuAHyRdcxDLZM14g2dOXeT9i',1,'sakshi','sakshi',10),(8,'sanjay','$2a$10$046osA7r6cX7vOkR0eBOw.wpiAGztzuAHyRdcxDLZM14g2dOXeT9i',1,'sanjay','sanjay',10),(9,'adam','$2a$10$046osA7r6cX7vOkR0eBOw.wpiAGztzuAHyRdcxDLZM14g2dOXeT9i',1,'adam','Adam',10),(10,'kiranmai','$2a$10$046osA7r6cX7vOkR0eBOw.wpiAGztzuAHyRdcxDLZM14g2dOXeT9i',1,'kiranmai','kiranmai',10),(11,'hubuser','$2a$10$046osA7r6cX7vOkR0eBOw.wpiAGztzuAHyRdcxDLZM14g2dOXeT9i',1,'hubuser','hubuser',15),(12,'missionuser','$2a$10$046osA7r6cX7vOkR0eBOw.wpiAGztzuAHyRdcxDLZM14g2dOXeT9i',1,'missionuser','missionuser',17);

INSERT INTO m_vsc_user_roles (id, user_id, role_id) VALUES (1,1,1),(8,4,1),(15,6,1),(27,11,1),(28,12,1),(2,1,2),(16,6,2),(14,8,2),(3,1,3),(10,4,3),(17,6,3),(13,7,3),(4,1,4),(5,4,4),(18,6,4),(23,9,4),(6,1,5),(11,4,5),(12,5,5),(19,6,5),(7,4,6),(20,6,6),(21,10,7),(26,1,8),(24,4,8),(25,9,8);






INSERT INTO o_appointments 
(id, app_date, appref_id, creation_time, invitation_no, is_courier_enabled, is_invitation, is_lounge_enabled, is_sms_enabled, no_applicants, reschedule_count, saudi_mission, sponsor_address, sponsor_id,sponsor_name,sponsor_ph_no,sponsor_purpose,total_visa_fee, status, app_type_id, created_by, moe_id, poe_id, process_type_id, sc_id, travel_type_id, toe_id, visa_type_id) VALUES
(1,'2019-02-18','LIN001190206B9B177FB','2019-02-22 16:53:03','',0,0,0,0,1,0,17,'','S12132','','2323232434','',0,1,1,4,3,2,2,10,2,13,2),
(2,CURDATE(), 'L1234','2019-02-22 16:53:03','',0,0,0,0,2,0,17, '','9876543','','23213123123','',0,4,2,4,3,2,1,10,2,13,2),
(3,CURDATE(),'LN09876','2019-02-26 16:53:03','',0,0,0,0,1,0,17,'','SP2332','','','visiting',0,1 ,1,4 ,2 ,2,1,10,1 ,2,1),
(4,CURDATE(),'LN098754','2019-02-26 16:53:03','',0,0,0,0,1,0,17,'','SP23321','Kiranmai','','', 0,1 ,1, 4 ,2 ,2,1,10,1,1,1),
(5,'2019-03-05','LCAN1234','2019-02-26 16:53:03','',0,0,0,0,1,0,17,'RJY','SPON1234','','12324342342','visiting',0,1 ,1, 4,1,1,1,10,1,1,1),
(6,CURDATE(),'LCANCEL12345','2019-02-26 16:53:03','',0,0,0,0,1,0,17 ,'HYD','SPO12345','Kiranmai','23412341234234','',0,1,1, 4,1,1,1,10,1,1,1);

INSERT INTO o_applications 
(id, address_city, arabic_father_name, arabic_first_name, arabic_grand_name, arabic_last_name, area, building_no, date_of_birth, date_of_expiry, date_of_issue,e_number, email, father_name, first_name, house_no, is_audit_mandate, last_name, maharam_name, maharam_relation, mobile_no, occupation, passport_no, pincode, place_of_birth, place_of_issue, prime_applicant, qualification, state, status, app_id, address_country, gender_id, marital_status_id, nationality_id, pp_type_id, religion_id) VALUES 
(1, 'hyderabad', '', '', '','', 'Gachibowli', '3-44', '1991-12-23', '2050-08-31', '2018-01-28','E1234', 'dummy@gmail.com', 'John', 'Kiranmai', '3-44', 0, 'k', '', '', '9454654654', 'software', 'S1002625255', '500072', 'hyderabad', 'hyderabad', '1', 'B.tech', 'Telangana', '1', '1','102','1','1', '102', '1', '1'),
(2, 'hyderabad', '', '', '','', 'Gachibowli', '3-44', '1997-08-23', '2050-08-31', '2018-01-28','E231', 'dummy@gmail.com', 'John', 'Kiranmai', '3-44', 0, 'k', '', '', '9454654654', 'software', 'P123233', '500072', 'hyderabad', 'hyderabad', '1', 'B.tech', 'Telangana', '1', '2','102','1','1', '102', '1', '1'),
(3, 'Hyd', '', '', '','', 'Gachibowli', '3-44', '1996-08-26', '2050-08-31', '2018-01-28','E23123424', 'dummy@gmail.com', 'John', 'Kiranmai', '3-44', 0, 'k', '', '', '9454654654', 'software', 'P123434545565', '500072', 'hyderabad', 'hyderabad', '1', 'B.tech', 'Telangana', '1', '4','102','1','1', '102', '1', '1'),
(4, 'Hyderabad', '', '', '','', 'Gachibowli', '3-44', '1997-08-26', '2050-08-31', '2018-01-28','ENUM1234', 'dummy@gmail.com', 'John', 'Kiranmai', '3-44', 0, 'k', '', '', '9454654654', 'software', 'PASSP1234', '500072', 'hyderabad', 'hyderabad', '1', 'B.tech', 'Telangana', '1', '5','102','1','1', '102', '1', '1'),
(5, 'Hyderabad', '', '', '','', 'Gachibowli', '3-44', '1995-08-26', '2050-08-31', '2018-01-28', 'ENUMCAN1234','dummy@gmail.com', 'John', 'Kiranmai', '3-44', 0, 'k', '', '', '9454654654', 'software', 'P123456789', '500072', 'hyderabad', 'hyderabad', '1', 'B.tech', 'Telangana', '1', '6','102','1','1', '102', '1', '1'),
(6, 'Hyderabad', '', '', '','', 'Gachibowli', '3-44', '1995-08-26', '2050-08-31', '2018-01-28', 'EZ1550473505684','dummy@gmail.com', 'John', 'Kiranmai', '3-44', 0, 'k', '', '', '9454654654', 'software', 'P1234567896', '500072', 'hyderabad', 'hyderabad', '1', 'B.tech', 'Telangana', '1', '6','102','1','1', '102', '1', '1'),
(7, 'Hyderabad', '', '', '','', 'Gachibowli', '3-44', '1995-08-26', '2050-08-31', '2018-01-28', 'EZ15504761015523','dummy@gmail.com', 'John', 'Kiranmai', '3-44', 0, 'k', '', '', '9454654654', 'software', 'P1234567589', '500072', 'hyderabad', 'hyderabad', '1', 'B.tech', 'Telangana', '1', '6','102','1','1', '102', '1', '1');


INSERT INTO o_time_slot_bookings (id, status, created_on, day,appointment_id, created_by, time_slot_config_id) VALUES ('1', '1', '2019-02-25 12:31:49', '2019-02-22 12:31:49','5', '4', '1'),('2', '1', '2019-02-25 12:31:49', '2019-02-22 12:31:49','6', '4', '1');

INSERT INTO o_vsc_fo_trackers (id, comment, created_on, applicant_id, appointment_id, stage, status, vsc_user_id) VALUES ('1', 'Typing process started', '2019-02-22 17:32:54', '5', '6', '1', '1', '4'),('2', 'Typing process started', '2019-02-22 17:32:54', '1', '1', '1', '1', '4');

INSERT INTO o_vsc_daily_token_configs (id, token_no, work_date, sc_id) VALUES ('3', '21', CURDATE(), '10');

INSERT INTO o_vsc_tokens (id, created_on, token_date, token_no, appointment_id, assigned_to, counter_id, created_by, process_stage_id, process_status_id) VALUES ('1', '2019-02-22 11:05:04', '2019-02-22', 'LF013', '1', '1', '1', '4', '2', '2');

INSERT INTO o_vsc_payments (id, amount, created_on, appointment_id, counter_id, created_by, status) VALUES ('1', '100.0', '2019-02-22 16:50:49', '1', '1', '4', '6');

INSERT INTO o_vsc_payment_details (id, amount, created_on, status, applicant_id, created_by, payment_id) VALUES ('1', '45.0', '2019-02-22 16:50:49', '0', '1', '4', '1');

INSERT INTO o_vsc_refunds (id, amount, created_on, reference_no, status, transaction_date, transaction_no, application_id, appointment_id, created_by, mode_of_refund, counter_id) VALUES ('1', '67.0', '2019-02-22 16:50:49', 'TX15496955611', '1', '2019-02-22 16:50:49', '0', '1', '1', '4', '1', '1');


--Bo 
INSERT INTO o_bo_scan_details 
(id, applicant_name, created_on, enumber, is_audit_mandate, passport_no, remarks, updated_on, audit_status_id, create_by, inscan_from_center_id, nationality_id, status_id, center_id, updated_by, visa_type_id) VALUES 
('58', 'Thirupathi', '2019-02-25 12:16:01', 'E1234', '1', 'A5G3999Y089', 'test', '2019-02-25 20:16:28', '4', '4', '10', '102', '7', '10', '4', '3'),
('59', 'Thirupathi', '2019-02-25 12:16:01', 'EZ15504761015523', '0', 'A785J57TL7090', 'test', '2019-02-25 20:16:28', '3', '4', '10', '102', '1', '10', '4', '3'),
('62', 'Thirupathi', '2019-02-25 12:16:01', 'EZ1548780670008', '0', '987665667', 'test', '2019-02-25 20:16:28', '2', '4', '10', '102', '1', '10', '4', '3'),
('63', 'Thirupathi', '2019-02-25 12:16:01', 'EZ1550248189101', '0', 'S14141414', 'test', '2019-02-25 20:16:28', '2', '4', '10', '102', '1', '10', '4', '3'),
('65', 'Thirupathi', '2019-02-25 12:16:01', 'EZ1550253928734', '0', 'A78500J57TL7', 'test', '2019-02-25 20:16:28', '2', '4', '10', '102', '1', '10', '4', '3'),
('66', 'Thirupathi', '2019-02-25 12:16:01', 'EZ1550256303484', '0', 'A78500J57TL7', 'test', '2019-02-25 20:16:28', '2', '4', '10', '102', '1', '10', '4', '3'),
('67', 'Thirupathi', '2019-02-25 12:16:01', 'EZ1550258902300', '0', 'A78500J57TL7', 'test', '2019-02-25 20:16:28', '2', '4', '10', '102', '1', '10', '4', '3'),
('70', 'Thirupathi', '2019-02-25 12:16:01', 'EZ1550262438379', '0', 'S60173a212550788811', 'test', '2019-02-25 20:16:28', '2', '4', '10', '102', '1', '10', '4', '3'),
('71', 'Thirupathi', '2019-02-25 12:16:01', 'EZ1550205973145', '0', 'S60173a212550788811', 'test', '2019-02-25 20:16:28', '2', '4', '10', '102', '1', '10', '4', '3'),
('72', 'Thirupathi', '2019-02-25 12:16:01', 'EZ1548780670008', '0', 'S60173a212550788811', 'test', '2019-02-25 20:16:28', '2', '4', '10', '102', '1', '10', '4', '3'),
('73', 'Thirupathi', '2019-02-25 12:16:01', 'EZ1550248189101', '0', 'S60173a212550788811', 'test', '2019-02-25 20:16:28', '2', '4', '10', '102', '12', '10', '4', '3'),
('74', 'Thirupathi', '2019-02-25 12:16:01', 'EZ1550253928734', '0', 'S60173a212550788811', 'test', '2019-02-25 20:16:28', '2', '4', '10', '102', '11', '10', '4', '3'),
('75', 'Thirupathi', '2019-02-25 12:16:01', 'EZ1550260330671', '0', 'S60173a212550788811', 'test', '2019-02-25 20:16:28', '2', '4', '10', '102', '3', '10', '4', '3'),
('76', 'Thirupathi', '2019-02-25 12:16:01', 'EZ1550260330671', '0', 'S60173a212550788811', 'test', '2019-02-25 20:16:28', '2', '4', '10', '102', '2', '10', '4', '3'),
('77', 'Thirupathi', '2019-02-25 12:16:01', 'EZ1550466610185', '0', 'S60173a212550788811', 'test', '2019-02-25 20:16:28', '2', '4', '10', '102', '16', '10', '4', '3');


INSERT INTO o_vsc_biometrics 
(id, created_on, appointment_id, status, created_by) VALUES 
('176', '2019-02-26 09:43:50', '522', '1', '4'),
('177', '2019-02-26 09:43:50', '523', '1', '4');

INSERT INTO o_vsc_biometric_details 
(id, created_on, status, applicant_id, appointment_id, created_by, biometric_id) VALUES
('136', '2019-02-26 09:43:50', '1', '7', '7', '4', '11'),
('137', '2019-02-26 09:43:50', '1', '7', '7', '4', '11');


INSERT INTO o_bo_batches
(id,batch_no,center_id,outscan_to_center_id,no_of_applications,remarks,status,created_on,created_by,updated_on,updated_by)VALUES 
('133', 'SH001', '10', '15', '1', 'nothing', '2', '2019-02-20 18:36:16', '4', NULL, NULL),
('134', 'HM002', '10', '15', '1', 'nothing', '7', '2019-02-20 18:36:16', '4', NULL, NULL),
('135', 'SM001', '10', '15', '1', 'nothing', '3', '2019-02-20 18:36:16', '4', NULL, NULL),
('136', 'HS001', '10', '15', '1', 'nothing', '16', '2019-02-20 18:36:16', '4', NULL, NULL),
('137', 'MH001', '10', '15', '1', 'nothing', '11', '2019-02-20 18:36:16', '4', NULL, NULL),
('138', 'MS001', '10', '15', '1', 'nothing', '12', '2019-02-20 18:36:16', '4', NULL, NULL),
('139', 'SH002', '10', '15', '1', 'nothing', '2', '2019-02-20 18:36:16', '4', NULL, NULL);

INSERT INTO o_bo_batch_details 
(id,batch_id,scan_id,created_on,created_by,updated_on,updated_by) VALUES 
('100', '133', '76', '2019-02-20 18:36:16', '4', NULL, NULL),
('101', '134', '58', '2019-02-20 18:36:16', '4', NULL, NULL),
('102', '135', '75', '2019-02-20 18:36:16', '4', NULL, NULL),
('103', '136', '77', '2019-02-20 18:36:16', '4', NULL, NULL),
('104', '137', '74', '2019-02-20 18:36:16', '4', NULL, NULL),
('105', '138', '73', '2019-02-20 18:36:16', '4', NULL, NULL),
('106', '139', '72', '2019-02-20 18:36:16', '4', NULL, NULL);



